{
  "properties": {
    "connectionReferences": {
      "shared_commondataserviceforapps": {
        "impersonation": {},
        "runtimeSource": "embedded",
        "connection": {
          "connectionReferenceLogicalName": "bv_sharedcommondataserviceforapps_8e60f"
        },
        "api": {
          "name": "shared_commondataserviceforapps"
        }
      },
      "shared_dynamicssmbsaas": {
        "runtimeSource": "embedded",
        "connection": {
          "connectionReferenceLogicalName": "bv_shareddynamicssmbsaas_9029d"
        },
        "api": {
          "name": "shared_dynamicssmbsaas"
        }
      },
      "shared_teams": {
        "runtimeSource": "embedded",
        "connection": {
          "connectionReferenceLogicalName": "bv_sharedteams_edda6"
        },
        "api": {
          "name": "shared_teams"
        }
      }
    },
    "definition": {
      "$schema": "https://schema.management.azure.com/providers/Microsoft.Logic/schemas/2016-06-01/workflowdefinition.json#",
      "contentVersion": "undefined",
      "parameters": {
        "$authentication": {
          "defaultValue": {},
          "type": "SecureObject"
        },
        "$connections": {
          "defaultValue": {},
          "type": "Object"
        }
      },
      "triggers": {
        "Recurrence": {
          "recurrence": {
            "frequency": "Day",
            "interval": "1",
            "startTime": "2025-01-08T09:00:00Z"
          },
          "type": "Recurrence"
        }
      },
      "actions": {
        "Get_Notification_Setup": {
          "runAfter": {},
          "type": "OpenApiConnection",
          "inputs": {
            "parameters": {
              "entityName": "cr407_notificationsetups"
            },
            "host": {
              "apiId": "/providers/Microsoft.PowerApps/apis/shared_commondataserviceforapps",
              "connectionName": "shared_commondataserviceforapps",
              "operationId": "ListRecords"
            },
            "authentication": "@parameters('$authentication')"
          }
        },
        "For_each_Notification_emailaddress": {
          "foreach": "@outputs('Get_Notification_Setup')?['body/value']",
          "actions": {
            "Get_Notifications_by_e-mail": {
              "runAfter": {
                "Clear_Notifications_Array": [
                  "Succeeded"
                ]
              },
              "type": "OpenApiConnection",
              "inputs": {
                "parameters": {
                  "entityName": "cr407_notificationses",
                  "$filter": "cr407_emailaddress eq '@{items('For_each_Notification_emailaddress')?['cr407_notificationsetup1']}' and cr407_handled eq false"
                },
                "host": {
                  "apiId": "/providers/Microsoft.PowerApps/apis/shared_commondataserviceforapps",
                  "connectionName": "shared_commondataserviceforapps",
                  "operationId": "ListRecords"
                },
                "authentication": "@parameters('$authentication')"
              }
            },
            "For_each_notification": {
              "foreach": "@outputs('Get_Notifications_by_e-mail')?['body/value']",
              "actions": {
                "Check_if_ApprovalEntry_is_still_open": {
                  "actions": {
                    "Switch": {
                      "cases": {
                        "Weekly": {
                          "case": "Weekly",
                          "actions": {
                            "Only_on_Friday": {
                              "actions": {
                                "Set_Send_Notification_(weekly)": {
                                  "type": "SetVariable",
                                  "inputs": {
                                    "name": "Sent Notification",
                                    "value": true
                                  }
                                }
                              },
                              "else": {
                                "actions": {}
                              },
                              "expression": {
                                "and": [
                                  {
                                    "equals": [
                                      "@formatDateTime(utcNow(), 'dddd')",
                                      "Friday"
                                    ]
                                  }
                                ]
                              },
                              "type": "If"
                            }
                          }
                        },
                        "Daily": {
                          "case": "Daily",
                          "actions": {
                            "Set_Send_Notification_(daily)": {
                              "type": "SetVariable",
                              "inputs": {
                                "name": "Sent Notification",
                                "value": true
                              }
                            }
                          }
                        }
                      },
                      "default": {
                        "actions": {}
                      },
                      "expression": "@item()?['cr407_frequency@OData.Community.Display.V1.FormattedValue']",
                      "type": "Switch"
                    }
                  },
                  "runAfter": {
                    "Get_approvalEntries": [
                      "Succeeded"
                    ]
                  },
                  "else": {
                    "actions": {}
                  },
                  "expression": {
                    "and": [
                      {
                        "equals": [
                          "@outputs('Get_approvalEntries')?['body/status']",
                          "Open"
                        ]
                      }
                    ]
                  },
                  "type": "If"
                },
                "Get_approvalEntries": {
                  "runAfter": {
                    "Set_Sent_Notification_to_false": [
                      "Succeeded"
                    ]
                  },
                  "type": "OpenApiConnection",
                  "inputs": {
                    "parameters": {
                      "bcenvironment": "SANDBOX",
                      "company": "ee96bb2e-ff94-ef11-8a6d-6045bdc8dfe6",
                      "dataset": "BertVerbeek/base/v1.0",
                      "table": "approvalEntries",
                      "body/NoThrowError": false,
                      "body/Filter": [
                        {
                          "FilterField": "id",
                          "FilterOperator": "equals",
                          "FilterValue": "@item()?['cr407_bcsystemid']"
                        }
                      ]
                    },
                    "host": {
                      "apiId": "/providers/Microsoft.PowerApps/apis/shared_dynamicssmbsaas",
                      "connectionName": "shared_dynamicssmbsaas",
                      "operationId": "GetFirstItemV3"
                    },
                    "authentication": "@parameters('$authentication')"
                  }
                },
                "Update_Notification_entry": {
                  "actions": {
                    "Check_if_Notification_Array_is_not_empty": {
                      "actions": {
                        "Append_to_string_variable_1": {
                          "type": "AppendToStringVariable",
                          "inputs": {
                            "name": "Notifications",
                            "value": ","
                          }
                        }
                      },
                      "else": {
                        "actions": {}
                      },
                      "expression": {
                        "and": [
                          {
                            "not": {
                              "equals": [
                                "@length(variables('Notifications'))",
                                0
                              ]
                            }
                          }
                        ]
                      },
                      "type": "If"
                    },
                    "Update_Notifications_Handles_to_Yes": {
                      "runAfter": {
                        "Append_to_string_variable": [
                          "Succeeded"
                        ]
                      },
                      "type": "OpenApiConnection",
                      "inputs": {
                        "parameters": {
                          "entityName": "cr407_notificationses",
                          "recordId": "@item()?['cr407_notificationsid']",
                          "item/cr407_handled": true
                        },
                        "host": {
                          "apiId": "/providers/Microsoft.PowerApps/apis/shared_commondataserviceforapps",
                          "connectionName": "shared_commondataserviceforapps",
                          "operationId": "UpdateOnlyRecord"
                        },
                        "authentication": "@parameters('$authentication')"
                      }
                    },
                    "Append_to_string_variable": {
                      "runAfter": {
                        "Check_if_Notification_Array_is_not_empty": [
                          "Succeeded"
                        ]
                      },
                      "type": "AppendToStringVariable",
                      "inputs": {
                        "name": "Notifications",
                        "value": {
                          "type": "TableRow",
                          "cells": [
                            {
                              "type": "TableCell",
                              "style": "emphasis",
                              "items": [
                                {
                                  "type": "TextBlock",
                                  "text": "@{outputs('Get_approvalEntries')?['body/documentType']}",
                                  "wrap": true
                                }
                              ]
                            },
                            {
                              "type": "TableCell",
                              "style": "emphasis",
                              "items": [
                                {
                                  "type": "TextBlock",
                                  "text": "@{outputs('Get_approvalEntries')?['body/documentNumber']}",
                                  "wrap": true
                                }
                              ]
                            },
                            {
                              "type": "TableCell",
                              "style": "emphasis",
                              "items": [
                                {
                                  "type": "ActionSet",
                                  "actions": [
                                    {
                                      "type": "Action.OpenUrl",
                                      "title": "Link",
                                      "url": "@{item()?['cr407_webclienturl']}"
                                    }
                                  ]
                                }
                              ]
                            }
                          ]
                        }
                      }
                    }
                  },
                  "runAfter": {
                    "Check_if_ApprovalEntry_is_still_open": [
                      "Succeeded"
                    ]
                  },
                  "else": {
                    "actions": {}
                  },
                  "expression": {
                    "and": [
                      {
                        "equals": [
                          "@variables('Sent Notification')",
                          true
                        ]
                      }
                    ]
                  },
                  "type": "If"
                },
                "Set_Sent_Notification_to_false": {
                  "type": "SetVariable",
                  "inputs": {
                    "name": "Sent Notification",
                    "value": false
                  }
                }
              },
              "runAfter": {
                "Get_Notifications_by_e-mail": [
                  "Succeeded"
                ]
              },
              "type": "Foreach"
            },
            "Clear_Notifications_Array": {
              "type": "SetVariable",
              "inputs": {
                "name": "Notifications",
                "value": "@null"
              }
            },
            "Check_if_Notification_Array_is_empty_1": {
              "actions": {
                "For_each": {
                  "foreach": "@outputs('Get_Notifications_by_e-mail')?['body/value']",
                  "actions": {
                    "Post_card_in_a_chat_or_channel": {
                      "type": "OpenApiConnection",
                      "inputs": {
                        "parameters": {
                          "poster": "Flow bot",
                          "location": "Chat with Flow bot",
                          "body/recipient": "@items('For_each')?['cr407_emailaddress']",
                          "body/messageBody": "{\n    \"type\": \"AdaptiveCard\",\n    \"body\": [\n        {\n            \"type\": \"ColumnSet\",\n            \"columns\": [\n                {\n                    \"type\": \"Column\",\n                    \"items\": [\n                        {\n                            \"type\": \"TextBlock\",\n                            \"weight\": \"bolder\",\n                            \"size\": \"medium\",\n                            \"text\": \"Approval Entry Created\",\n                            \"wrap\": true\n                        }\n                    ],\n                    \"width\": \"stretch\"\n                }\n            ]\n        },\n        {\n            \"type\": \"TextBlock\",\n            \"text\": \"There are Approval Entries created for you with the following values:\",\n            \"wrap\": true\n        },\n        {\n            \"type\": \"Table\",\n            \"gridStyle\": \"accent\",\n            \"verticalCellContentAlignment\": \"center\",\n            \"firstRowAsHeaders\": true,\n            \"columns\": [\n                {\n                    \"width\": 1\n                },\n                {\n                    \"width\": 1\n                },\n                {\n                    \"width\": 3\n                }\n            ],\n            \"rows\": [\n                {\n                    \"type\": \"TableRow\",\n                    \"cells\": [\n                        {\n                            \"type\": \"TableCell\",\n                            \"items\": [\n                                {\n                                    \"type\": \"TextBlock\",\n                                    \"text\": \"Type\",\n                                    \"wrap\": true,\n                                    \"weight\": \"Bolder\"\n                                }\n                            ]\n                        },\n                        {\n                            \"type\": \"TableCell\",\n                            \"items\": [\n                                {\n                                    \"type\": \"TextBlock\",\n                                    \"text\": \"Number\",\n                                    \"wrap\": true,\n                                    \"weight\": \"Bolder\"\n                                }\n                            ]\n                        },\n                        {\n                            \"type\": \"TableCell\",\n                            \"items\": [\n                                {\n                                    \"type\": \"TextBlock\",\n                                    \"text\": \"URL\",\n                                    \"wrap\": true,\n                                    \"weight\": \"Bolder\"\n                                }\n                            ]\n                        }\n                    ],\n                    \"style\": \"default\"\n                },\n                @{variables('Notifications')}\n            ]\n        }\n    ],\n    \"$schema\": \"http://adaptivecards.io/schemas/adaptive-card.json\",\n    \"version\": \"1.5\"\n}"
                        },
                        "host": {
                          "apiId": "/providers/Microsoft.PowerApps/apis/shared_teams",
                          "connectionName": "shared_teams",
                          "operationId": "PostCardToConversation"
                        },
                        "authentication": "@parameters('$authentication')"
                      }
                    }
                  },
                  "type": "Foreach"
                }
              },
              "runAfter": {
                "For_each_notification": [
                  "Succeeded"
                ]
              },
              "else": {
                "actions": {}
              },
              "expression": {
                "and": [
                  {
                    "not": {
                      "equals": [
                        "@length(variables('Notifications'))",
                        0
                      ]
                    }
                  }
                ]
              },
              "type": "If"
            }
          },
          "runAfter": {
            "Initialize_Sent_Notification": [
              "Succeeded"
            ]
          },
          "type": "Foreach"
        },
        "Initialize_Notifications_Array": {
          "runAfter": {
            "Get_Notification_Setup": [
              "Succeeded"
            ]
          },
          "type": "InitializeVariable",
          "inputs": {
            "variables": [
              {
                "name": "Notifications",
                "type": "string"
              }
            ]
          }
        },
        "Initialize_Sent_Notification": {
          "runAfter": {
            "Initialize_Notifications_Array": [
              "Succeeded"
            ]
          },
          "type": "InitializeVariable",
          "inputs": {
            "variables": [
              {
                "name": "Sent Notification",
                "type": "boolean",
                "value": false
              }
            ]
          }
        }
      }
    },
    "templateName": null
  },
  "schemaVersion": "1.0.0.0"
}