{
  "properties": {
    "connectionReferences": {
      "shared_dynamicssmbsaas": {
        "runtimeSource": "embedded",
        "connection": {
          "connectionReferenceLogicalName": "bv_shareddynamicssmbsaas_9029d"
        },
        "api": {
          "name": "shared_dynamicssmbsaas"
        }
      },
      "shared_commondataserviceforapps": {
        "impersonation": {},
        "runtimeSource": "embedded",
        "connection": {
          "connectionReferenceLogicalName": "bv_sharedcommondataserviceforapps_8e60f"
        },
        "api": {
          "name": "shared_commondataserviceforapps"
        }
      },
      "shared_teams": {
        "runtimeSource": "embedded",
        "connection": {
          "connectionReferenceLogicalName": "bv_sharedteams_edda6"
        },
        "api": {
          "name": "shared_teams"
        }
      }
    },
    "definition": {
      "$schema": "https://schema.management.azure.com/providers/Microsoft.Logic/schemas/2016-06-01/workflowdefinition.json#",
      "contentVersion": "1.0.0.0",
      "parameters": {
        "$authentication": {
          "defaultValue": {},
          "type": "SecureObject"
        },
        "$connections": {
          "defaultValue": {},
          "type": "Object"
        }
      },
      "triggers": {
        "When_Send_Approval_Notifications_occurs": {
          "splitOn": "@triggerOutputs()?['body/value']",
          "type": "OpenApiConnectionWebhook",
          "inputs": {
            "parameters": {
              "bcenvironment": "SANDBOX",
              "businessevent": "OnBeforeCreateApprovalEntryNotification(0baad08a-4753-4005-9a98-8020a5242bf5)",
              "company": ""
            },
            "host": {
              "apiId": "/providers/Microsoft.PowerApps/apis/shared_dynamicssmbsaas",
              "connectionName": "shared_dynamicssmbsaas",
              "operationId": "CreateBusinessEventSubscriptionV3"
            },
            "authentication": "@parameters('$authentication')"
          }
        }
      },
      "actions": {
        "Get_Notification_Setup": {
          "runAfter": {
            "Find_ApprovalEntry": [
              "Succeeded"
            ]
          },
          "type": "OpenApiConnection",
          "inputs": {
            "parameters": {
              "entityName": "cr407_notificationsetups",
              "$filter": "cr407_notificationsetup1 eq '@{triggerBody()?['Email']}' and cr407_documenttype eq '@{outputs('Find_ApprovalEntry')?['body/documentType']}'",
              "$top": 1
            },
            "host": {
              "apiId": "/providers/Microsoft.PowerApps/apis/shared_commondataserviceforapps",
              "connectionName": "shared_commondataserviceforapps",
              "operationId": "ListRecords"
            },
            "authentication": "@parameters('$authentication')"
          }
        },
        "Find_ApprovalEntry": {
          "runAfter": {},
          "type": "OpenApiConnection",
          "inputs": {
            "parameters": {
              "bcenvironment": "SANDBOX",
              "company": "ee96bb2e-ff94-ef11-8a6d-6045bdc8dfe6",
              "dataset": "BertVerbeek/base/v1.0",
              "table": "approvalEntries",
              "body/OrderField": "id",
              "body/Filter": [
                {
                  "FilterField": "id",
                  "FilterOperator": "equals",
                  "FilterValue": "@triggerBody()?['SystemId']"
                }
              ]
            },
            "host": {
              "apiId": "/providers/Microsoft.PowerApps/apis/shared_dynamicssmbsaas",
              "connectionName": "shared_dynamicssmbsaas",
              "operationId": "GetFirstItemV3"
            },
            "authentication": "@parameters('$authentication')"
          }
        },
        "Check_if_there_is_a_setup": {
          "actions": {
            "Send_Directly_or_not": {
              "actions": {
                "Post_card_in_a_chat_or_channel": {
                  "type": "OpenApiConnection",
                  "inputs": {
                    "parameters": {
                      "poster": "Flow bot",
                      "location": "Chat with Flow bot",
                      "body/recipient": "@triggerBody()?['Email']",
                      "body/messageBody": "{\n    \"type\": \"AdaptiveCard\",\n    \"body\": [\n        {\n            \"type\": \"ColumnSet\",\n            \"columns\": [\n                {\n                    \"type\": \"Column\",\n                    \"items\": [\n                        {\n                            \"type\": \"TextBlock\",\n                            \"weight\": \"Bolder\",\n                            \"size\": \"Medium\",\n                            \"text\": \"Approval Entry Created\",\n                            \"wrap\": true\n                        },\n                        {\n                            \"type\": \"TextBlock\",\n                            \"spacing\": \"None\",\n                            \"text\": \"Created @{outputs('Find_ApprovalEntry')?['body/systemCreatedAt']}\",\n                            \"isSubtle\": true,\n                            \"wrap\": true\n                        }\n                    ],\n                    \"width\": \"stretch\"\n                }\n            ]\n        },\n        {\n            \"type\": \"TextBlock\",\n            \"text\": \"There is an Approvel Antry created for you with the following values:\",\n            \"wrap\": true\n        },\n        {\n            \"type\": \"FactSet\",\n            \"facts\": [\n                {\n                    \"$data\": \"${properties}\",\n                    \"title\": \"Document Type:\",\n                    \"value\": \"@{outputs('Find_ApprovalEntry')?['body/documentType']}\"\n                },\n                {\n                    \"$data\": \"${properties}\",\n                    \"title\": \"Document Number:\",\n                    \"value\": \"@{outputs('Find_ApprovalEntry')?['body/documentNumber']}\"\n                },\n                {\n                    \"$data\": \"${properties}\",\n                    \"title\": \"Status:\",\n                    \"value\": \"@{outputs('Find_ApprovalEntry')?['body/status']}\"\n                },                \n                {\n                    \"$data\": \"${properties}\",\n                    \"title\": \"Amount:\",\n                    \"value\": \"@{outputs('Find_ApprovalEntry')?['body/amountLCY']}\"\n                }\n            ]\n        }\n    ],\n    \"actions\": [\n        {\n            \"type\": \"Action.OpenUrl\",\n            \"title\": \"View Approval Entry\",\n            \"url\": \"@{triggerBody()?['WebClientUrl']}\"\n        }\n    ],\n    \"$schema\": \"http://adaptivecards.io/schemas/adaptive-card.json\",\n    \"version\": \"1.5\"\n}"
                    },
                    "host": {
                      "apiId": "/providers/Microsoft.PowerApps/apis/shared_teams",
                      "connectionName": "shared_teams",
                      "operationId": "PostCardToConversation"
                    },
                    "authentication": "@parameters('$authentication')"
                  }
                }
              },
              "else": {
                "actions": {
                  "Add_a_new_row_to_Notifications": {
                    "type": "OpenApiConnection",
                    "inputs": {
                      "parameters": {
                        "entityName": "cr407_notificationses",
                        "item/cr407_bcsystemid": "@outputs('Find_ApprovalEntry')?['body/id']",
                        "item/cr407_company": "@triggerBody()?['$companyId']",
                        "item/cr407_emailaddress": "@triggerBody()?['Email']",
                        "item/cr407_environment": "@triggerBody()?['$environmentName']",
                        "item/cr407_frequency": "@item()?['cr407_notificationfrequency']",
                        "item/cr407_webclienturl": "@triggerBody()?['WebClientUrl']"
                      },
                      "host": {
                        "apiId": "/providers/Microsoft.PowerApps/apis/shared_commondataserviceforapps",
                        "connectionName": "shared_commondataserviceforapps",
                        "operationId": "CreateRecord"
                      },
                      "authentication": "@parameters('$authentication')"
                    }
                  }
                }
              },
              "expression": {
                "and": [
                  {
                    "equals": [
                      "@item()?['cr407_notificationfrequency@OData.Community.Display.V1.FormattedValue']",
                      "Direct"
                    ]
                  },
                  {
                    "equals": [
                      "",
                      ""
                    ]
                  }
                ]
              },
              "type": "If"
            }
          },
          "runAfter": {
            "Get_Notification_Setup": [
              "Succeeded"
            ]
          },
          "else": {
            "actions": {
              "Post_card_in_a_chat_or_channel_when_there_is_no_setup": {
                "type": "OpenApiConnection",
                "inputs": {
                  "parameters": {
                    "poster": "Flow bot",
                    "location": "Chat with Flow bot",
                    "body/recipient": "@triggerBody()?['Email']",
                    "body/messageBody": "{\n    \"type\": \"AdaptiveCard\",\n    \"body\": [\n        {\n            \"type\": \"ColumnSet\",\n            \"columns\": [\n                {\n                    \"type\": \"Column\",\n                    \"items\": [\n                        {\n                            \"type\": \"TextBlock\",\n                            \"weight\": \"Bolder\",\n                            \"size\": \"Medium\",\n                            \"text\": \"Approval Entry Created\",\n                            \"wrap\": true\n                        },\n                        {\n                            \"type\": \"TextBlock\",\n                            \"spacing\": \"None\",\n                            \"text\": \"Created @{outputs('Find_ApprovalEntry')?['body/systemCreatedAt']}\",\n                            \"isSubtle\": true,\n                            \"wrap\": true\n                        }\n                    ],\n                    \"width\": \"stretch\"\n                }\n            ]\n        },\n        {\n            \"type\": \"TextBlock\",\n            \"text\": \"There is an Approvel Antry created for you with the following values:\",\n            \"wrap\": true\n        },\n        {\n            \"type\": \"FactSet\",\n            \"facts\": [\n                {\n                    \"$data\": \"${properties}\",\n                    \"title\": \"Document Type:\",\n                    \"value\": \"@{outputs('Find_ApprovalEntry')?['body/documentType']}\"\n                },\n                {\n                    \"$data\": \"${properties}\",\n                    \"title\": \"Document Number:\",\n                    \"value\": \"@{outputs('Find_ApprovalEntry')?['body/documentNumber']}\"\n                },\n                {\n                    \"$data\": \"${properties}\",\n                    \"title\": \"Status:\",\n                    \"value\": \"@{outputs('Find_ApprovalEntry')?['body/status']}\"\n                },                \n                {\n                    \"$data\": \"${properties}\",\n                    \"title\": \"Amount:\",\n                    \"value\": \"@{outputs('Find_ApprovalEntry')?['body/amountLCY']}\"\n                }\n            ]\n        }\n    ],\n    \"actions\": [\n        {\n            \"type\": \"Action.OpenUrl\",\n            \"title\": \"View Approval Entry\",\n            \"url\": \"@{triggerBody()?['WebClientUrl']}\"\n        }\n    ],\n    \"$schema\": \"http://adaptivecards.io/schemas/adaptive-card.json\",\n    \"version\": \"1.5\"\n}"
                  },
                  "host": {
                    "apiId": "/providers/Microsoft.PowerApps/apis/shared_teams",
                    "connectionName": "shared_teams",
                    "operationId": "PostCardToConversation"
                  },
                  "authentication": "@parameters('$authentication')"
                }
              }
            }
          },
          "expression": {
            "and": [
              {
                "not": {
                  "equals": [
                    "@length(outputs('Get_Notification_Setup')?['body/value'])",
                    0
                  ]
                }
              }
            ]
          },
          "type": "If"
        }
      },
      "outputs": {}
    },
    "templateName": null
  },
  "schemaVersion": "1.0.0.0"
}